cue,start,end,duration_s,chars,chars_per_s,confidence,flag,text
1,00:00:00.530,00:00:03.630,3.10,48,15.5,0.81,,"Lomati, this is my face anonymizer mini project."
2,00:00:04.370,00:00:08.610,4.24,79,18.6,0.85,,"For applied air programming, it detects faces in images, video files and a live"
3,00:00:08.610,00:00:12.570,3.96,65,16.4,0.93,,"webcam and anonymizes them with blur, pixelation or a solid mask."
4,00:00:13.090,00:00:17.350,4.26,81,19.0,0.84,,"It uses the media file face detector with the blaze face model, which is free and"
5,00:00:17.350,00:00:21.810,4.46,74,16.6,0.83,,"open source. Plus OpenCV, the core and full report are in this github rip."
6,00:00:24.210,00:00:28.290,4.08,52,12.7,0.87,,Now I'll show you my code and setup in the VES code.
7,00:00:28.290,00:00:29.390,1.10,4,3.6,0.36,LOW,This
8,00:00:32.170,00:00:36.290,4.12,61,14.8,0.83,,"is the project folder, anonymizer.py is the main application,"
9,00:00:37.110,00:00:42.110,5.00,78,15.6,0.85,,the model file is in the model folder and requirements.txt list the libraries.
10,00:00:42.790,00:00:47.870,5.08,83,16.3,0.90,,"My test photos are in the test media, they stay on my computer and are not uploaded"
11,00:00:47.870,00:00:49.890,2.02,39,19.3,0.72,,to github because they show real faces.
12,00:00:50.550,00:00:52.530,1.98,38,19.2,0.84,,The gitignore file makes sure of that.
13,00:00:53.210,00:00:58.210,5.00,68,13.6,0.83,,"Now I'll open my code, it's a long code but yeah it's in the github."
14,00:00:58.450,00:01:03.200,4.75,56,11.8,0.74,,The program also have a here base with all the settings.
15,00:01:06.080,00:01:07.080,1.00,3,3.0,0.48,LOW,Now
16,00:01:09.750,00:01:13.290,3.54,47,13.3,0.88,,"I'll get to the testing part, the still images."
17,00:01:13.650,00:01:17.990,4.34,75,17.3,0.89,,I'll process the whole test folder with all three methods and a debug view.
18,00:01:18.310,00:01:24.130,5.82,84,14.4,0.88,,"The test set covers one face, two faces, no face, a side view, sunglasses and a hat,"
19,00:01:24.630,00:01:30.050,5.42,70,12.9,0.79,,dark lightning and a small face for far away with bright light behind.
20,00:01:42.360,00:01:47.720,5.36,59,11.0,0.88,,Every file will be processed and it will come to my output.
21,00:01:54.070,00:01:59.010,4.94,37,7.5,0.84,,"It also includes the no face, no face"
22,00:01:59.010,00:02:01.290,2.28,22,9.6,0.50,LOW,photo with dent crash.
23,00:02:02.270,00:02:05.870,3.60,55,15.3,0.83,,"Now I'll show one of these, I'll select multiple faces."
24,00:02:09.070,00:02:14.850,5.78,66,11.4,0.85,,"Both faces found 0.96 each, green is what the AI detected with its"
25,00:02:14.850,00:02:19.890,5.04,55,10.9,0.76,,"confidence score, red is the area that gets anomalized."
26,00:02:20.130,00:02:25.990,5.86,77,13.1,0.89,,"I add 24% padding because the detector box is tight and would live here, ears"
27,00:02:25.990,00:02:27.130,1.14,16,14.0,0.92,,and jaw visible.
28,00:02:29.090,00:02:35.050,5.96,79,13.3,0.80,,"I'll also open these ones, multiple faces, blur.png, it's blur, multiple faces,"
29,00:02:35.450,00:02:38.370,2.92,33,11.3,0.72,,"pixelate and multiple faces, max."
30,00:02:40.880,00:02:46.580,5.70,76,13.3,0.88,,"The three methods, the max is the more literally irreversible one because it"
31,00:02:46.580,00:02:51.900,5.32,39,7.3,0.68,,"deletes the pixels, blur and pixelation"
32,00:02:52.640,00:02:58.320,5.68,76,13.4,0.75,,"reduce the risk but are not a. Now I'll open few others, this one side look,"
33,00:03:01.680,00:03:04.380,2.70,38,14.1,0.92,,"side view is still detected with 0.89,"
34,00:03:05.520,00:03:07.460,1.94,30,15.5,0.76,,"I'll go to the sunglasses hat,"
35,00:03:13.590,00:03:17.490,3.90,49,12.6,0.85,,sunglasses and a hat is still detected with 0.94.
36,00:03:18.960,00:03:24.160,5.20,45,8.7,0.72,,"Now I'll go to the dark, debug low light 0.97"
37,00:03:24.160,00:03:25.500,1.34,3,2.2,0.45,LOW,far
38,00:03:28.510,00:03:29.810,1.30,8,6.2,0.83,,"backlit,"
39,00:03:30.670,00:03:36.470,5.80,69,11.9,0.89,,"I think this is the hardest case far away and backlit, only 0.46 just"
40,00:03:36.470,00:03:39.410,2.94,40,13.6,0.98,,above my threshold of 0.4 and the box is
41,00:03:40.210,00:03:45.990,5.78,81,14.0,0.83,,"imprecise. With the padded area it still covers the, these scores are high partly"
42,00:03:45.990,00:03:47.450,1.46,26,17.8,0.90,,because of the zoom tiles.
43,00:03:47.810,00:03:53.210,5.40,80,14.8,0.77,,"Before I added tiling the same photos score lower, for example sunglasses it was"
44,00:03:53.210,00:03:55.810,2.60,13,5.0,0.73,,only 0.67 and
45,00:03:57.320,00:04:02.980,5.66,62,11.0,0.85,,"for the no face, the image it is still unchanged and no grass."
46,00:04:04.280,00:04:08.940,4.66,82,17.6,0.91,,"Now I'll do the short comparison with the blur strength, the blur strength matters"
47,00:04:08.940,00:04:13.560,4.62,39,8.4,0.85,,and here I'll show you one weak blur is
48,00:04:18.230,00:04:19.230,1.00,5,5.0,0.83,,"here,"
49,00:04:20.620,00:04:23.040,2.42,23,9.5,0.70,,"weak blur, single face."
50,00:04:27.440,00:04:33.320,5.88,59,10.0,0.75,,"With weak blur I'm still recognizable, here glasses face is"
51,00:04:33.320,00:04:39.020,5.70,65,11.4,0.82,,"with the default strong blur, nothing identifying is left so blur"
52,00:04:39.020,00:04:41.160,2.14,31,14.5,0.99,,is not automatically anonymous.
53,00:04:42.690,00:04:48.590,5.90,66,11.2,0.81,,Now media pipes default settings threshold 0.5 and no tiling on on
54,00:04:48.590,00:04:50.110,1.52,16,10.5,0.69,,"on the far four,"
55,00:05:06.740,00:05:07.940,1.20,16,13.3,0.93,,"this is the one,"
56,00:05:10.730,00:05:16.550,5.82,57,9.8,0.79,,zero faces my faces is completely visible that is a false
57,00:05:16.550,00:05:22.210,5.66,83,14.7,0.86,,"negative, the most dangerous error for privacy with my settings, this space score 0"
58,00:05:22.210,00:05:28.790,6.58,82,12.5,0.95,,.46 below the default threshold of 0.5 which is why I lower the threshold to 0 .4.
59,00:05:31.580,00:05:35.640,4.06,42,10.3,0.90,,Now for the video first without tiling for
60,00:06:12.980,00:06:18.440,5.46,75,13.7,0.78,,"the two people no tiles only one and the two of 140 frames has a detection,"
61,00:06:19.480,00:06:25.140,5.66,78,13.8,0.92,,in this version my friends face is visible in several moments because the face
62,00:06:25.140,00:06:28.420,3.28,42,12.8,0.87,,"are small, the short range is range model,"
63,00:06:29.640,00:06:35.500,5.86,58,9.9,0.90,,"shrinks the frame to 128 by 128 pixel my fix, the frame is"
64,00:06:35.500,00:06:41.440,5.94,69,11.6,0.89,,"also split into four zoomed in tiles, lets watch it live detection on"
65,00:06:41.440,00:06:43.300,1.86,23,12.4,0.95,,"the left result on the,"
66,00:06:52.440,00:06:57.420,4.98,35,7.0,0.80,,"now you can see 1.37 of 140 frames,"
67,00:07:10.410,00:07:16.250,5.84,72,12.3,0.91,,here you can see 1.37 of 140 frames have a detection the other three are
68,00:07:16.250,00:07:22.210,5.96,84,14.1,0.88,,"when we both have our backs turned, you can also see a false positive the cartoon on"
69,00:07:22.210,00:07:27.790,5.58,82,14.7,0.87,,my t-shirt is sometimes detected as a face for privacy blurring too much is better
70,00:07:27.790,00:07:34.400,6.61,70,10.6,0.76,,than two liter boxes are also kept for five frames which stops flicker
71,00:07:35.930,00:07:38.510,2.58,28,10.9,0.86,,"and finally the live webcam,"
72,00:08:05.560,00:08:11.400,5.84,59,10.1,0.94,,it runs in real time about 30 frames per second on a laptop
73,00:08:11.400,00:08:14.440,3.04,44,14.5,0.94,,"CPU and the face stays covered while I move,"
74,00:08:16.200,00:08:21.800,5.60,81,14.5,0.85,,"now the other part error handling, error handling or corp image or an unsupported"
75,00:08:21.800,00:08:26.560,4.76,78,16.4,0.83,,"file or a missing file or an invalid settings and a camera that doesn't exist,"
76,00:08:29.800,00:08:32.540,2.74,8,2.9,0.57,,even for
77,00:08:51.290,00:08:53.690,2.40,17,7.1,0.92,,"the false images,"
78,00:08:54.660,00:08:58.040,3.38,49,14.5,0.71,,"each case gives a clear missus and nothing crash,"
79,00:08:59.990,00:09:05.650,5.66,74,13.1,0.91,,"to sum up the app works on images, video and webcam handles multiple faces"
80,00:09:05.650,00:09:10.610,4.96,61,12.3,0.65,,"and no face cases and eye cases, lighting, pose, distance and"
81,00:09:10.840,00:09:12.440,1.60,10,6.2,0.99,,"occlusion,"
82,00:09:13.460,00:09:19.200,5.74,76,13.2,0.79,,main limitation very small or fully toned faces can still be missed and blur
83,00:09:19.200,00:09:24.700,5.50,70,12.7,0.98,,"is not guaranteed to be irreversible, use the mask for maximum privacy"
84,00:09:24.700,00:09:30.420,5.72,82,14.3,0.77,,everything runs locally originals are never uploaded and my friend concentrated to
85,00:09:30.420,00:09:35.220,4.80,61,12.7,0.81,,"appear, details test results and sources are in the readme on"
86,00:09:35.220,00:09:37.200,1.98,17,8.6,0.84,,"github, thank you"
